"","Month","M","SD","Mdn","Total","Type","NoDays"
"1","All_M","390955.56","293548.717271665","320859","9773889","All","25"
"2","Mar","383786.434782609","302022.434068884","283971","8827088","All","23"
"3","Apr","473400.5","215726.258124735","473400.5","946801","All","2"
"4","All_M","69112.6","51477.3714380082","69456","1727815","Org","25"
"5","Mar","66272.652173913","51869.8773905422","50792","1524271","Org","23"
"6","Apr","101772","45701.7254816489","101772","203544","Org","2"
"7","All_M","321842.96","243153.435052588","251403","8046074","RT","25"
"8","Mar","317513.782608696","250877.517101465","233179","7302817","RT","23"
"9","Apr","371628.5","170024.532643087","371628.5","743257","RT","2"
