"","Month","M","SD","Mdn","Total","Type","NoDays"
"1","All_M","2222.94117647059","2885.9787892832","1068.5","75580","All","34"
"2","Feb","1011.66666666667","67.8920712111019","999","3035","All","3"
"3","Mar","2340.16129032258","3000.089410854","1303","72545","All","31"
"4","All_M","480.205882352941","287.190653537856","374","16327","Org","34"
"5","Feb","361.666666666667","12.4230967690561","355","1085","Org","3"
"6","Mar","491.677419354839","298.621654394182","413","15242","Org","31"
"7","All_M","1742.73529411765","2694.19964287843","705.5","59253","RT","34"
"8","Feb","650","78.1728853247723","644","1950","RT","3"
"9","Mar","1848.48387096774","2802.35845757305","913","57303","RT","31"
