"","Month","M","SD","Mdn","Total","Type","NoDays"
"1","All_M","2026.23529411765","962.090875151569","2082.5","68892","All","34"
"2","Feb","1258.25","892.208262309498","1454","5033","All","4"
"3","Mar","2128.63333333333","937.41296546191","2137","63859","All","30"
"4","All_M","754.647058823529","373.79348392856","665","25658","Org","34"
"5","Feb","441.5","294.698150655887","562.5","1766","Org","4"
"6","Mar","796.4","366.988076476419","718.5","23892","Org","30"
"7","All_M","1271.58823529412","638.717423062863","1439","43234","RT","34"
"8","Feb","816.75","609.785959715921","891.5","3267","RT","4"
"9","Mar","1332.23333333333","627.235735442498","1499.5","39967","RT","30"
